rosbagTimestamp,position,x,y,z,orientation,x,y,z,w
1576080628826380964,,1000.0,1183.0,1375.0,,1273.0,1193.0,0.0,0.0
1576080628876459509,,1000.0,1183.0,1375.0,,1273.0,1193.0,0.0,0.0
1576080628926432395,,1000.0,1183.0,1375.0,,1273.0,1193.0,0.0,0.0
1576080628976419064,,1000.0,1183.0,1375.0,,1273.0,1193.0,0.0,0.0
1576080629026897236,,1000.0,1183.0,1375.0,,1273.0,1193.0,0.0,0.0
1576080629076454000,,1000.0,1183.0,1375.0,,1273.0,1193.0,0.0,0.0
1576080629126440466,,1000.0,1183.0,1375.0,,1273.0,1193.0,0.0,0.0
1576080629176425329,,1000.0,1183.0,1375.0,,1273.0,1193.0,0.0,0.0
1576080629226428714,,1000.0,1183.0,1375.0,,1273.0,1193.0,0.0,0.0
1576080629276426478,,1000.0,1183.0,1375.0,,1273.0,1193.0,0.0,0.0
1576080629326474386,,1000.0,1183.0,1375.0,,1273.0,1193.0,0.0,0.0
1576080629376439547,,1000.0,1183.0,1375.0,,1273.0,1193.0,0.0,0.0
1576080629426410448,,1000.0,1183.0,1375.0,,1273.0,1193.0,0.0,0.0
1576080629476425417,,1000.0,1183.0,1375.0,,1273.0,1193.0,0.0,0.0
1576080629526438133,,1000.0,1183.0,1375.0,,1273.0,1193.0,0.0,0.0
1576080629576398639,,1000.0,1183.0,1375.0,,1273.0,1193.0,0.0,0.0
1576080629626554935,,1000.0,1183.0,1375.0,,1273.0,1193.0,0.0,0.0
1576080629676445096,,1000.0,1183.0,1375.0,,1273.0,1193.0,0.0,0.0
1576080629726409505,,1000.0,1183.0,1375.0,,1273.0,1193.0,0.0,0.0
1576080629776448090,,1000.0,1183.0,1375.0,,1273.0,1193.0,0.0,0.0
1576080629826390394,,1000.0,1183.0,1375.0,,1273.0,1193.0,0.0,0.0
1576080629876476254,,1000.0,1183.0,1375.0,,1273.0,1193.0,0.0,0.0
1576080629926478398,,1000.0,1183.0,1375.0,,1273.0,1193.0,0.0,0.0
1576080629976413793,,1000.0,1183.0,1375.0,,1273.0,1193.0,0.0,0.0
1576080630027649875,,1000.0,1183.0,1375.0,,1273.0,1193.0,0.0,0.0
1576080630076441136,,1000.0,1183.0,1375.0,,1273.0,1193.0,0.0,0.0
1576080630126442652,,1000.0,1183.0,1375.0,,1273.0,1193.0,0.0,0.0
1576080630176500320,,1000.0,1183.0,1375.0,,1273.0,1193.0,0.0,0.0
1576080630226373984,,1000.0,1183.0,1375.0,,1273.0,1193.0,0.0,0.0
1576080630276434630,,1000.0,1183.0,1375.0,,1273.0,1193.0,0.0,0.0
1576080630326416277,,1000.0,1183.0,1375.0,,1273.0,1193.0,0.0,0.0
1576080630376428751,,1000.0,1183.0,1375.0,,1273.0,1193.0,0.0,0.0
1576080630426388856,,1000.0,1183.0,1375.0,,1273.0,1193.0,0.0,0.0
1576080630476444214,,1000.0,1183.0,1375.0,,1273.0,1193.0,0.0,0.0
1576080630526520541,,1000.0,1183.0,1375.0,,1273.0,1193.0,0.0,0.0
1576080630576455992,,1000.0,1183.0,1375.0,,1273.0,1193.0,0.0,0.0
1576080630626462642,,1000.0,1183.0,1375.0,,1273.0,1193.0,0.0,0.0
1576080630676430617,,1000.0,1183.0,1375.0,,1273.0,1193.0,0.0,0.0
1576080630726434767,,1000.0,1183.0,1375.0,,1273.0,1193.0,0.0,0.0
1576080630776447360,,1000.0,1183.0,1375.0,,1273.0,1193.0,0.0,0.0
1576080630826472961,,1000.0,1183.0,1375.0,,1273.0,1193.0,0.0,0.0
1576080630876424780,,1000.0,1183.0,1375.0,,1273.0,1193.0,0.0,0.0
1576080630926381180,,1000.0,1183.0,1375.0,,1273.0,1193.0,0.0,0.0
1576080630976377538,,1000.0,1183.0,1375.0,,1273.0,1193.0,0.0,0.0
1576080631027460466,,1000.0,1183.0,1375.0,,1273.0,1193.0,0.0,0.0
1576080631076462158,,1000.0,1183.0,1375.0,,1273.0,1193.0,0.0,0.0
1576080631126418474,,1000.0,1183.0,1375.0,,1273.0,1193.0,0.0,0.0
1576080631176416951,,1000.0,1183.0,1375.0,,1273.0,1193.0,0.0,0.0
1576080631226420642,,1000.0,1183.0,1375.0,,1273.0,1193.0,0.0,0.0
1576080631276485088,,1000.0,1183.0,1375.0,,1273.0,1193.0,0.0,0.0
1576080631326414075,,1000.0,1183.0,1375.0,,1273.0,1193.0,0.0,0.0
1576080631376409430,,1000.0,1183.0,1375.0,,1273.0,1193.0,0.0,0.0
1576080631426399542,,1000.0,1183.0,1375.0,,1273.0,1193.0,0.0,0.0
1576080631476501343,,1000.0,1183.0,1375.0,,1273.0,1193.0,0.0,0.0
1576080631526432883,,1000.0,1183.0,1375.0,,1273.0,1193.0,0.0,0.0
1576080631576422414,,1000.0,1183.0,1375.0,,1273.0,1193.0,0.0,0.0
1576080631626496740,,1000.0,1183.0,1375.0,,1273.0,1193.0,0.0,0.0
1576080631676505404,,1000.0,1183.0,1375.0,,1273.0,1193.0,0.0,0.0
1576080631726389818,,1000.0,1183.0,1375.0,,1273.0,1193.0,0.0,0.0
1576080631776438055,,1000.0,1183.0,1375.0,,1273.0,1193.0,0.0,0.0
1576080631826427615,,1000.0,1183.0,1375.0,,1273.0,1193.0,0.0,0.0
1576080631876435758,,1000.0,1183.0,1375.0,,1273.0,1193.0,0.0,0.0
1576080631926399721,,1000.0,1183.0,1375.0,,1273.0,1193.0,0.0,0.0
1576080631976502134,,1000.0,1183.0,1375.0,,1273.0,1193.0,0.0,0.0
1576080632028484341,,1183.0,1000.0,1375.0,,1193.0,1273.0,0.0,0.0
1576080632076482785,,1183.0,1000.0,1375.0,,1193.0,1273.0,0.0,0.0
1576080632126449557,,1183.0,1000.0,1375.0,,1193.0,1273.0,0.0,0.0
1576080632176430124,,1183.0,1000.0,1375.0,,1193.0,1273.0,0.0,0.0
1576080632226410642,,1183.0,1000.0,1375.0,,1193.0,1273.0,0.0,0.0
1576080632276410714,,1183.0,1000.0,1375.0,,1193.0,1273.0,0.0,0.0
1576080632326419155,,1183.0,1000.0,1375.0,,1193.0,1273.0,0.0,0.0
1576080632376406245,,1183.0,1000.0,1375.0,,1193.0,1273.0,0.0,0.0
1576080632426417524,,1183.0,1000.0,1375.0,,1193.0,1273.0,0.0,0.0
1576080632476439606,,1183.0,1000.0,1375.0,,1193.0,1273.0,0.0,0.0
1576080632526481070,,1183.0,1000.0,1375.0,,1193.0,1273.0,0.0,0.0
1576080632576449776,,1183.0,1000.0,1375.0,,1193.0,1273.0,0.0,0.0
1576080632626440573,,1183.0,1000.0,1375.0,,1193.0,1273.0,0.0,0.0
1576080632676418935,,1183.0,1000.0,1375.0,,1193.0,1273.0,0.0,0.0
1576080632726414638,,1183.0,1000.0,1375.0,,1193.0,1273.0,0.0,0.0
1576080632776402018,,1183.0,1000.0,1375.0,,1193.0,1273.0,0.0,0.0
1576080632826440738,,1183.0,1000.0,1375.0,,1193.0,1273.0,0.0,0.0
1576080632876457004,,1183.0,1000.0,1375.0,,1193.0,1273.0,0.0,0.0
1576080632926429388,,1183.0,1000.0,1375.0,,1193.0,1273.0,0.0,0.0
1576080632976441453,,1183.0,1000.0,1375.0,,1193.0,1273.0,0.0,0.0
1576080633027089005,,1183.0,1000.0,1375.0,,1193.0,1273.0,0.0,0.0
1576080633076536965,,1183.0,1000.0,1375.0,,1193.0,1273.0,0.0,0.0
1576080633126461919,,1183.0,1000.0,1375.0,,1193.0,1273.0,0.0,0.0
1576080633176432511,,1183.0,1000.0,1375.0,,1193.0,1273.0,0.0,0.0
1576080633226477636,,1183.0,1000.0,1375.0,,1193.0,1273.0,0.0,0.0
1576080633276409862,,1183.0,1000.0,1375.0,,1193.0,1273.0,0.0,0.0
1576080633326410259,,1183.0,1000.0,1375.0,,1193.0,1273.0,0.0,0.0
1576080633376417515,,1183.0,1000.0,1375.0,,1193.0,1273.0,0.0,0.0
1576080633426367481,,1183.0,1000.0,1375.0,,1193.0,1273.0,0.0,0.0
1576080633476520012,,1183.0,1000.0,1375.0,,1193.0,1273.0,0.0,0.0
1576080633526482933,,1183.0,1000.0,1375.0,,1193.0,1273.0,0.0,0.0
1576080633576425547,,1183.0,1000.0,1375.0,,1193.0,1273.0,0.0,0.0
1576080633626400196,,1183.0,1000.0,1375.0,,1193.0,1273.0,0.0,0.0
1576080633676448980,,1183.0,1000.0,1375.0,,1193.0,1273.0,0.0,0.0
1576080633726426580,,1183.0,1000.0,1375.0,,1193.0,1273.0,0.0,0.0
1576080633776424525,,1183.0,1000.0,1375.0,,1193.0,1273.0,0.0,0.0
1576080633826420583,,1183.0,1000.0,1375.0,,1193.0,1273.0,0.0,0.0
1576080633876569032,,1183.0,1000.0,1375.0,,1193.0,1273.0,0.0,0.0
1576080633926440229,,1183.0,1000.0,1375.0,,1193.0,1273.0,0.0,0.0
1576080633976372068,,1183.0,1000.0,1375.0,,1193.0,1273.0,0.0,0.0
1576080634026820557,,1283.0,1204.0,1375.0,,1000.0,1183.0,0.0,0.0
1576080634076415722,,1283.0,1204.0,1375.0,,1000.0,1183.0,0.0,0.0
1576080634126432872,,1283.0,1204.0,1375.0,,1000.0,1183.0,0.0,0.0
1576080634176404508,,1283.0,1204.0,1375.0,,1000.0,1183.0,0.0,0.0
1576080634226379963,,1283.0,1204.0,1375.0,,1000.0,1183.0,0.0,0.0
1576080634276463938,,1283.0,1204.0,1375.0,,1000.0,1183.0,0.0,0.0
1576080634326425144,,1283.0,1204.0,1375.0,,1000.0,1183.0,0.0,0.0
1576080634376409092,,1283.0,1204.0,1375.0,,1000.0,1183.0,0.0,0.0
1576080634426392204,,1283.0,1204.0,1375.0,,1000.0,1183.0,0.0,0.0
1576080634476451420,,1283.0,1204.0,1375.0,,1000.0,1183.0,0.0,0.0
1576080634526441857,,1283.0,1204.0,1375.0,,1000.0,1183.0,0.0,0.0
1576080634576424223,,1283.0,1204.0,1375.0,,1000.0,1183.0,0.0,0.0
1576080634626468366,,1283.0,1204.0,1375.0,,1000.0,1183.0,0.0,0.0
1576080634676429108,,1283.0,1204.0,1375.0,,1000.0,1183.0,0.0,0.0
1576080634726425227,,1283.0,1204.0,1375.0,,1000.0,1183.0,0.0,0.0
1576080634776412385,,1283.0,1204.0,1375.0,,1000.0,1183.0,0.0,0.0
1576080634826413445,,1283.0,1204.0,1375.0,,1000.0,1183.0,0.0,0.0
1576080634876447230,,1283.0,1204.0,1375.0,,1000.0,1183.0,0.0,0.0
1576080634926379247,,1283.0,1204.0,1375.0,,1000.0,1183.0,0.0,0.0
1576080634976434246,,1283.0,1204.0,1375.0,,1000.0,1183.0,0.0,0.0
1576080635026591424,,1283.0,1204.0,1375.0,,1000.0,1183.0,0.0,0.0
1576080635076490112,,1283.0,1204.0,1375.0,,1000.0,1183.0,0.0,0.0
1576080635126383982,,1283.0,1204.0,1375.0,,1000.0,1183.0,0.0,0.0
1576080635176417000,,1283.0,1204.0,1375.0,,1000.0,1183.0,0.0,0.0
1576080635226380979,,1283.0,1204.0,1375.0,,1000.0,1183.0,0.0,0.0
1576080635276411990,,1283.0,1204.0,1375.0,,1000.0,1183.0,0.0,0.0
1576080635326448036,,1283.0,1204.0,1375.0,,1000.0,1183.0,0.0,0.0
1576080635376415442,,1283.0,1204.0,1375.0,,1000.0,1183.0,0.0,0.0
1576080635426414073,,1283.0,1204.0,1375.0,,1000.0,1183.0,0.0,0.0
1576080635476442211,,1283.0,1204.0,1375.0,,1000.0,1183.0,0.0,0.0
1576080635526403828,,1283.0,1204.0,1375.0,,1000.0,1183.0,0.0,0.0
1576080635576431446,,1283.0,1204.0,1375.0,,1000.0,1183.0,0.0,0.0
1576080635626419077,,1283.0,1204.0,1375.0,,1000.0,1183.0,0.0,0.0
1576080635676429454,,1283.0,1204.0,1375.0,,1000.0,1183.0,0.0,0.0
1576080635726414451,,1283.0,1204.0,1375.0,,1000.0,1183.0,0.0,0.0
1576080635776406050,,1283.0,1204.0,1375.0,,1000.0,1183.0,0.0,0.0
1576080635826413463,,1283.0,1204.0,1375.0,,1000.0,1183.0,0.0,0.0
1576080635876496199,,1283.0,1204.0,1375.0,,1000.0,1183.0,0.0,0.0
1576080635926407963,,1283.0,1204.0,1375.0,,1000.0,1183.0,0.0,0.0
1576080635976478637,,1283.0,1204.0,1375.0,,1000.0,1183.0,0.0,0.0
1576080636026826624,,1204.0,1283.0,1375.0,,1183.0,1000.0,0.0,0.0
1576080636076474614,,1204.0,1283.0,1375.0,,1183.0,1000.0,0.0,0.0
1576080636126397841,,1204.0,1283.0,1375.0,,1183.0,1000.0,0.0,0.0
1576080636176400779,,1204.0,1283.0,1375.0,,1183.0,1000.0,0.0,0.0
1576080636226450725,,1204.0,1283.0,1375.0,,1183.0,1000.0,0.0,0.0
1576080636276412815,,1204.0,1283.0,1375.0,,1183.0,1000.0,0.0,0.0
1576080636326440429,,1204.0,1283.0,1375.0,,1183.0,1000.0,0.0,0.0
1576080636376381380,,1204.0,1283.0,1375.0,,1183.0,1000.0,0.0,0.0
1576080636426450504,,1204.0,1283.0,1375.0,,1183.0,1000.0,0.0,0.0
1576080636476396619,,1204.0,1283.0,1375.0,,1183.0,1000.0,0.0,0.0
1576080636526376729,,1204.0,1283.0,1375.0,,1183.0,1000.0,0.0,0.0
1576080636576385469,,1204.0,1283.0,1375.0,,1183.0,1000.0,0.0,0.0
1576080636626460797,,1204.0,1283.0,1375.0,,1183.0,1000.0,0.0,0.0
1576080636676514993,,1204.0,1283.0,1375.0,,1183.0,1000.0,0.0,0.0
1576080636726438828,,1204.0,1283.0,1375.0,,1183.0,1000.0,0.0,0.0
1576080636776458628,,1204.0,1283.0,1375.0,,1183.0,1000.0,0.0,0.0
1576080636826426357,,1204.0,1283.0,1375.0,,1183.0,1000.0,0.0,0.0
1576080636876461554,,1204.0,1283.0,1375.0,,1183.0,1000.0,0.0,0.0
1576080636926459431,,1204.0,1283.0,1375.0,,1183.0,1000.0,0.0,0.0
1576080636976417420,,1204.0,1283.0,1375.0,,1183.0,1000.0,0.0,0.0
1576080637026679820,,1204.0,1283.0,1375.0,,1183.0,1000.0,0.0,0.0
1576080637076464018,,1204.0,1283.0,1375.0,,1183.0,1000.0,0.0,0.0
1576080637126420689,,1204.0,1283.0,1375.0,,1183.0,1000.0,0.0,0.0
1576080637176432479,,1204.0,1283.0,1375.0,,1183.0,1000.0,0.0,0.0
1576080637226410584,,1204.0,1283.0,1375.0,,1183.0,1000.0,0.0,0.0
1576080637276406879,,1204.0,1283.0,1375.0,,1183.0,1000.0,0.0,0.0
1576080637326407738,,1204.0,1283.0,1375.0,,1183.0,1000.0,0.0,0.0
1576080637376374255,,1204.0,1283.0,1375.0,,1183.0,1000.0,0.0,0.0
1576080637426399354,,1204.0,1283.0,1375.0,,1183.0,1000.0,0.0,0.0
1576080637476442035,,1204.0,1283.0,1375.0,,1183.0,1000.0,0.0,0.0
1576080637526408799,,1204.0,1283.0,1375.0,,1183.0,1000.0,0.0,0.0
1576080637576405862,,1204.0,1283.0,1375.0,,1183.0,1000.0,0.0,0.0
1576080637626445309,,1204.0,1283.0,1375.0,,1183.0,1000.0,0.0,0.0
1576080637676423445,,1204.0,1283.0,1375.0,,1183.0,1000.0,0.0,0.0
1576080637726443909,,1204.0,1283.0,1375.0,,1183.0,1000.0,0.0,0.0
1576080637776414257,,1204.0,1283.0,1375.0,,1183.0,1000.0,0.0,0.0
1576080637826439956,,1204.0,1283.0,1375.0,,1183.0,1000.0,0.0,0.0
1576080637876428185,,1204.0,1283.0,1375.0,,1183.0,1000.0,0.0,0.0
1576080637926432371,,1204.0,1283.0,1375.0,,1183.0,1000.0,0.0,0.0
1576080637976414694,,1204.0,1283.0,1375.0,,1183.0,1000.0,0.0,0.0
1576080638026823786,,1183.0,1000.0,1375.0,,1193.0,1273.0,0.0,0.0
1576080638076465224,,1183.0,1000.0,1375.0,,1193.0,1273.0,0.0,0.0
1576080638126422089,,1183.0,1000.0,1375.0,,1193.0,1273.0,0.0,0.0
1576080638176462333,,1183.0,1000.0,1375.0,,1193.0,1273.0,0.0,0.0
1576080638226423577,,1183.0,1000.0,1375.0,,1193.0,1273.0,0.0,0.0
1576080638276410123,,1183.0,1000.0,1375.0,,1193.0,1273.0,0.0,0.0
1576080638326464666,,1183.0,1000.0,1375.0,,1193.0,1273.0,0.0,0.0
1576080638376423355,,1183.0,1000.0,1375.0,,1193.0,1273.0,0.0,0.0
1576080638426452640,,1183.0,1000.0,1375.0,,1193.0,1273.0,0.0,0.0
1576080638476441315,,1183.0,1000.0,1375.0,,1193.0,1273.0,0.0,0.0
1576080638526443033,,1183.0,1000.0,1375.0,,1193.0,1273.0,0.0,0.0
1576080638576499081,,1183.0,1000.0,1375.0,,1193.0,1273.0,0.0,0.0
1576080638626477531,,1183.0,1000.0,1375.0,,1193.0,1273.0,0.0,0.0
1576080638676442665,,1183.0,1000.0,1375.0,,1193.0,1273.0,0.0,0.0
1576080638726515316,,1183.0,1000.0,1375.0,,1193.0,1273.0,0.0,0.0
1576080638776399420,,1183.0,1000.0,1375.0,,1193.0,1273.0,0.0,0.0
1576080638826415839,,1183.0,1000.0,1375.0,,1193.0,1273.0,0.0,0.0
1576080638876467584,,1183.0,1000.0,1375.0,,1193.0,1273.0,0.0,0.0
1576080638926435186,,1183.0,1000.0,1375.0,,1193.0,1273.0,0.0,0.0
1576080638976432291,,1183.0,1000.0,1375.0,,1193.0,1273.0,0.0,0.0
1576080639026699863,,1183.0,1000.0,1375.0,,1193.0,1273.0,0.0,0.0
1576080639076559492,,1183.0,1000.0,1375.0,,1193.0,1273.0,0.0,0.0
1576080639126468108,,1183.0,1000.0,1375.0,,1193.0,1273.0,0.0,0.0
1576080639176409444,,1183.0,1000.0,1375.0,,1193.0,1273.0,0.0,0.0
1576080639226407100,,1183.0,1000.0,1375.0,,1193.0,1273.0,0.0,0.0
1576080639276398319,,1183.0,1000.0,1375.0,,1193.0,1273.0,0.0,0.0
1576080639326469754,,1183.0,1000.0,1375.0,,1193.0,1273.0,0.0,0.0
1576080639376443865,,1183.0,1000.0,1375.0,,1193.0,1273.0,0.0,0.0
1576080639426445156,,1183.0,1000.0,1375.0,,1193.0,1273.0,0.0,0.0
1576080639476457776,,1183.0,1000.0,1375.0,,1193.0,1273.0,0.0,0.0
1576080639526413923,,1183.0,1000.0,1375.0,,1193.0,1273.0,0.0,0.0
1576080639576426079,,1183.0,1000.0,1375.0,,1193.0,1273.0,0.0,0.0
1576080639626469316,,1183.0,1000.0,1375.0,,1193.0,1273.0,0.0,0.0
1576080639676445692,,1183.0,1000.0,1375.0,,1193.0,1273.0,0.0,0.0
1576080639726415868,,1183.0,1000.0,1375.0,,1193.0,1273.0,0.0,0.0
1576080639776373344,,1183.0,1000.0,1375.0,,1193.0,1273.0,0.0,0.0
1576080639826392886,,1183.0,1000.0,1375.0,,1193.0,1273.0,0.0,0.0
1576080639876394042,,1183.0,1000.0,1375.0,,1193.0,1273.0,0.0,0.0
1576080639926499823,,1183.0,1000.0,1375.0,,1193.0,1273.0,0.0,0.0
1576080639976438282,,1183.0,1000.0,1375.0,,1193.0,1273.0,0.0,0.0
1576080640026644217,,1000.0,1183.0,1375.0,,1273.0,1193.0,0.0,0.0
1576080640076426518,,1000.0,1183.0,1375.0,,1273.0,1193.0,0.0,0.0
1576080640126451508,,1000.0,1183.0,1375.0,,1273.0,1193.0,0.0,0.0
1576080640176399426,,1000.0,1183.0,1375.0,,1273.0,1193.0,0.0,0.0
1576080640226406094,,1000.0,1183.0,1375.0,,1273.0,1193.0,0.0,0.0
1576080640276369877,,1000.0,1183.0,1375.0,,1273.0,1193.0,0.0,0.0
1576080640326416550,,1000.0,1183.0,1375.0,,1273.0,1193.0,0.0,0.0
1576080640376436971,,1000.0,1183.0,1375.0,,1273.0,1193.0,0.0,0.0
1576080640426419973,,1000.0,1183.0,1375.0,,1273.0,1193.0,0.0,0.0
1576080640476487811,,1000.0,1183.0,1375.0,,1273.0,1193.0,0.0,0.0
1576080640526452296,,1000.0,1183.0,1375.0,,1273.0,1193.0,0.0,0.0
1576080640576451392,,1000.0,1183.0,1375.0,,1273.0,1193.0,0.0,0.0
1576080640626571512,,1000.0,1183.0,1375.0,,1273.0,1193.0,0.0,0.0
1576080640676449794,,1000.0,1183.0,1375.0,,1273.0,1193.0,0.0,0.0
1576080640726445231,,1000.0,1183.0,1375.0,,1273.0,1193.0,0.0,0.0
1576080640776429978,,1000.0,1183.0,1375.0,,1273.0,1193.0,0.0,0.0
1576080640826461019,,1000.0,1183.0,1375.0,,1273.0,1193.0,0.0,0.0
1576080640876386309,,1000.0,1183.0,1375.0,,1273.0,1193.0,0.0,0.0
1576080640926470847,,1000.0,1183.0,1375.0,,1273.0,1193.0,0.0,0.0
1576080640976412658,,1000.0,1183.0,1375.0,,1273.0,1193.0,0.0,0.0
1576080641026859080,,1000.0,1183.0,1375.0,,1273.0,1193.0,0.0,0.0
1576080641076462255,,1000.0,1183.0,1375.0,,1273.0,1193.0,0.0,0.0
1576080641126440390,,1000.0,1183.0,1375.0,,1273.0,1193.0,0.0,0.0
1576080641176407404,,1000.0,1183.0,1375.0,,1273.0,1193.0,0.0,0.0
1576080641226397791,,1000.0,1183.0,1375.0,,1273.0,1193.0,0.0,0.0
1576080641276404611,,1000.0,1183.0,1375.0,,1273.0,1193.0,0.0,0.0
1576080641326366354,,1000.0,1183.0,1375.0,,1273.0,1193.0,0.0,0.0
1576080641376417685,,1000.0,1183.0,1375.0,,1273.0,1193.0,0.0,0.0
1576080641426355124,,1000.0,1183.0,1375.0,,1273.0,1193.0,0.0,0.0
1576080641476436965,,1000.0,1183.0,1375.0,,1273.0,1193.0,0.0,0.0
1576080641526389325,,1000.0,1183.0,1375.0,,1273.0,1193.0,0.0,0.0
1576080641576430679,,1000.0,1183.0,1375.0,,1273.0,1193.0,0.0,0.0
1576080641626444086,,1000.0,1183.0,1375.0,,1273.0,1193.0,0.0,0.0
1576080641676440800,,1000.0,1183.0,1375.0,,1273.0,1193.0,0.0,0.0
1576080641726412437,,1000.0,1183.0,1375.0,,1273.0,1193.0,0.0,0.0
1576080641776416497,,1000.0,1183.0,1375.0,,1273.0,1193.0,0.0,0.0
1576080641826500048,,1000.0,1183.0,1375.0,,1273.0,1193.0,0.0,0.0
1576080641876433077,,1000.0,1183.0,1375.0,,1273.0,1193.0,0.0,0.0
1576080641926370065,,1000.0,1183.0,1375.0,,1273.0,1193.0,0.0,0.0
1576080641976383925,,1000.0,1183.0,1375.0,,1273.0,1193.0,0.0,0.0
1576080642026805708,,1204.0,1283.0,1375.0,,1183.0,1000.0,0.0,0.0
1576080642076450722,,1204.0,1283.0,1375.0,,1183.0,1000.0,0.0,0.0
1576080642126422359,,1204.0,1283.0,1375.0,,1183.0,1000.0,0.0,0.0
1576080642176402504,,1204.0,1283.0,1375.0,,1183.0,1000.0,0.0,0.0
1576080642226384693,,1204.0,1283.0,1375.0,,1183.0,1000.0,0.0,0.0
1576080642276373416,,1204.0,1283.0,1375.0,,1183.0,1000.0,0.0,0.0
1576080642326418357,,1204.0,1283.0,1375.0,,1183.0,1000.0,0.0,0.0
1576080642376405784,,1204.0,1283.0,1375.0,,1183.0,1000.0,0.0,0.0
1576080642426479800,,1204.0,1283.0,1375.0,,1183.0,1000.0,0.0,0.0
1576080642476442062,,1204.0,1283.0,1375.0,,1183.0,1000.0,0.0,0.0
1576080642526468179,,1204.0,1283.0,1375.0,,1183.0,1000.0,0.0,0.0
1576080642576367107,,1204.0,1283.0,1375.0,,1183.0,1000.0,0.0,0.0
1576080642626449766,,1204.0,1283.0,1375.0,,1183.0,1000.0,0.0,0.0
1576080642676424633,,1204.0,1283.0,1375.0,,1183.0,1000.0,0.0,0.0
1576080642726452201,,1204.0,1283.0,1375.0,,1183.0,1000.0,0.0,0.0
1576080642776410771,,1204.0,1283.0,1375.0,,1183.0,1000.0,0.0,0.0
1576080642826408127,,1204.0,1283.0,1375.0,,1183.0,1000.0,0.0,0.0
1576080642876429573,,1204.0,1283.0,1375.0,,1183.0,1000.0,0.0,0.0
1576080642926383741,,1204.0,1283.0,1375.0,,1183.0,1000.0,0.0,0.0
1576080642976411929,,1204.0,1283.0,1375.0,,1183.0,1000.0,0.0,0.0
1576080643026644822,,1204.0,1283.0,1375.0,,1183.0,1000.0,0.0,0.0
1576080643076409542,,1204.0,1283.0,1375.0,,1183.0,1000.0,0.0,0.0
1576080643126410232,,1204.0,1283.0,1375.0,,1183.0,1000.0,0.0,0.0
1576080643176398787,,1204.0,1283.0,1375.0,,1183.0,1000.0,0.0,0.0
1576080643226406812,,1204.0,1283.0,1375.0,,1183.0,1000.0,0.0,0.0
1576080643276432741,,1204.0,1283.0,1375.0,,1183.0,1000.0,0.0,0.0
1576080643326431428,,1204.0,1283.0,1375.0,,1183.0,1000.0,0.0,0.0
1576080643376414552,,1204.0,1283.0,1375.0,,1183.0,1000.0,0.0,0.0
1576080643426387891,,1204.0,1283.0,1375.0,,1183.0,1000.0,0.0,0.0
1576080643476484926,,1204.0,1283.0,1375.0,,1183.0,1000.0,0.0,0.0
1576080643526432839,,1204.0,1283.0,1375.0,,1183.0,1000.0,0.0,0.0
1576080643576421566,,1204.0,1283.0,1375.0,,1183.0,1000.0,0.0,0.0
1576080643626623970,,1204.0,1283.0,1375.0,,1183.0,1000.0,0.0,0.0
1576080643676415296,,1204.0,1283.0,1375.0,,1183.0,1000.0,0.0,0.0
1576080643726414615,,1204.0,1283.0,1375.0,,1183.0,1000.0,0.0,0.0
1576080643776405760,,1204.0,1283.0,1375.0,,1183.0,1000.0,0.0,0.0
1576080643826421130,,1204.0,1283.0,1375.0,,1183.0,1000.0,0.0,0.0
1576080643876434026,,1204.0,1283.0,1375.0,,1183.0,1000.0,0.0,0.0
1576080643926429579,,1204.0,1283.0,1375.0,,1183.0,1000.0,0.0,0.0
1576080643976435206,,1204.0,1283.0,1375.0,,1183.0,1000.0,0.0,0.0
1576080644026658456,,1283.0,1204.0,1375.0,,1000.0,1183.0,0.0,0.0
1576080644076475951,,1283.0,1204.0,1375.0,,1000.0,1183.0,0.0,0.0
1576080644126462787,,1283.0,1204.0,1375.0,,1000.0,1183.0,0.0,0.0
1576080644176423535,,1283.0,1204.0,1375.0,,1000.0,1183.0,0.0,0.0
1576080644226394434,,1283.0,1204.0,1375.0,,1000.0,1183.0,0.0,0.0
1576080644276434862,,1283.0,1204.0,1375.0,,1000.0,1183.0,0.0,0.0
1576080644326428191,,1283.0,1204.0,1375.0,,1000.0,1183.0,0.0,0.0
1576080644376427007,,1283.0,1204.0,1375.0,,1000.0,1183.0,0.0,0.0
1576080644426429276,,1283.0,1204.0,1375.0,,1000.0,1183.0,0.0,0.0
1576080644476438162,,1283.0,1204.0,1375.0,,1000.0,1183.0,0.0,0.0
1576080644526382396,,1283.0,1204.0,1375.0,,1000.0,1183.0,0.0,0.0
1576080644576442650,,1283.0,1204.0,1375.0,,1000.0,1183.0,0.0,0.0
1576080644626467233,,1283.0,1204.0,1375.0,,1000.0,1183.0,0.0,0.0
1576080644676426302,,1283.0,1204.0,1375.0,,1000.0,1183.0,0.0,0.0
1576080644726412670,,1283.0,1204.0,1375.0,,1000.0,1183.0,0.0,0.0
1576080644776406647,,1283.0,1204.0,1375.0,,1000.0,1183.0,0.0,0.0
1576080644826447265,,1283.0,1204.0,1375.0,,1000.0,1183.0,0.0,0.0
1576080644876483688,,1283.0,1204.0,1375.0,,1000.0,1183.0,0.0,0.0
1576080644926424319,,1283.0,1204.0,1375.0,,1000.0,1183.0,0.0,0.0
1576080644976435923,,1283.0,1204.0,1375.0,,1000.0,1183.0,0.0,0.0
1576080645026702477,,1283.0,1204.0,1375.0,,1000.0,1183.0,0.0,0.0
1576080645076451923,,1283.0,1204.0,1375.0,,1000.0,1183.0,0.0,0.0
1576080645126440437,,1283.0,1204.0,1375.0,,1000.0,1183.0,0.0,0.0
1576080645176435825,,1283.0,1204.0,1375.0,,1000.0,1183.0,0.0,0.0
1576080645226413354,,1283.0,1204.0,1375.0,,1000.0,1183.0,0.0,0.0
1576080645276392656,,1283.0,1204.0,1375.0,,1000.0,1183.0,0.0,0.0
1576080645326417395,,1283.0,1204.0,1375.0,,1000.0,1183.0,0.0,0.0
1576080645376431960,,1283.0,1204.0,1375.0,,1000.0,1183.0,0.0,0.0
1576080645426413182,,1283.0,1204.0,1375.0,,1000.0,1183.0,0.0,0.0
1576080645476434351,,1283.0,1204.0,1375.0,,1000.0,1183.0,0.0,0.0
1576080645526417642,,1283.0,1204.0,1375.0,,1000.0,1183.0,0.0,0.0
1576080645576421068,,1283.0,1204.0,1375.0,,1000.0,1183.0,0.0,0.0
1576080645626434882,,1283.0,1204.0,1375.0,,1000.0,1183.0,0.0,0.0
1576080645676409677,,1283.0,1204.0,1375.0,,1000.0,1183.0,0.0,0.0
1576080645726453993,,1283.0,1204.0,1375.0,,1000.0,1183.0,0.0,0.0
1576080645776393986,,1283.0,1204.0,1375.0,,1000.0,1183.0,0.0,0.0
1576080645826440554,,1283.0,1204.0,1375.0,,1000.0,1183.0,0.0,0.0
1576080645876461893,,1283.0,1204.0,1375.0,,1000.0,1183.0,0.0,0.0
1576080645926439996,,1283.0,1204.0,1375.0,,1000.0,1183.0,0.0,0.0
1576080645976432032,,1283.0,1204.0,1375.0,,1000.0,1183.0,0.0,0.0
1576080646026697861,,1000.0,1183.0,1375.0,,1273.0,1193.0,0.0,0.0
1576080646076490817,,1000.0,1183.0,1375.0,,1273.0,1193.0,0.0,0.0
1576080646126426800,,1000.0,1183.0,1375.0,,1273.0,1193.0,0.0,0.0
1576080646176421567,,1000.0,1183.0,1375.0,,1273.0,1193.0,0.0,0.0
1576080646226415514,,1000.0,1183.0,1375.0,,1273.0,1193.0,0.0,0.0
1576080646276384477,,1000.0,1183.0,1375.0,,1273.0,1193.0,0.0,0.0
1576080646326435804,,1000.0,1183.0,1375.0,,1273.0,1193.0,0.0,0.0
1576080646376407636,,1000.0,1183.0,1375.0,,1273.0,1193.0,0.0,0.0
1576080646426415566,,1000.0,1183.0,1375.0,,1273.0,1193.0,0.0,0.0
1576080646476410356,,1000.0,1183.0,1375.0,,1273.0,1193.0,0.0,0.0
1576080646526466139,,1000.0,1183.0,1375.0,,1273.0,1193.0,0.0,0.0
1576080646576408037,,1000.0,1183.0,1375.0,,1273.0,1193.0,0.0,0.0
1576080646626431304,,1000.0,1183.0,1375.0,,1273.0,1193.0,0.0,0.0
1576080646676366860,,1000.0,1183.0,1375.0,,1273.0,1193.0,0.0,0.0
1576080646726454774,,1000.0,1183.0,1375.0,,1273.0,1193.0,0.0,0.0
1576080646776383678,,1000.0,1183.0,1375.0,,1273.0,1193.0,0.0,0.0
1576080646826438203,,1000.0,1183.0,1375.0,,1273.0,1193.0,0.0,0.0
1576080646876407797,,1000.0,1183.0,1375.0,,1273.0,1193.0,0.0,0.0
1576080646926373409,,1000.0,1183.0,1375.0,,1273.0,1193.0,0.0,0.0
1576080646976403837,,1000.0,1183.0,1375.0,,1273.0,1193.0,0.0,0.0
1576080647026656267,,1000.0,1183.0,1375.0,,1273.0,1193.0,0.0,0.0
1576080647076471234,,1000.0,1183.0,1375.0,,1273.0,1193.0,0.0,0.0
1576080647126419173,,1000.0,1183.0,1375.0,,1273.0,1193.0,0.0,0.0
1576080647176414199,,1000.0,1183.0,1375.0,,1273.0,1193.0,0.0,0.0
1576080647226406545,,1000.0,1183.0,1375.0,,1273.0,1193.0,0.0,0.0
1576080647276425567,,1000.0,1183.0,1375.0,,1273.0,1193.0,0.0,0.0
1576080647326450072,,1000.0,1183.0,1375.0,,1273.0,1193.0,0.0,0.0
1576080647376474477,,1000.0,1183.0,1375.0,,1273.0,1193.0,0.0,0.0
1576080647426447681,,1000.0,1183.0,1375.0,,1273.0,1193.0,0.0,0.0
1576080647476499568,,1000.0,1183.0,1375.0,,1273.0,1193.0,0.0,0.0
1576080647526465250,,1000.0,1183.0,1375.0,,1273.0,1193.0,0.0,0.0
1576080647576415958,,1000.0,1183.0,1375.0,,1273.0,1193.0,0.0,0.0
1576080647627229049,,1000.0,1183.0,1375.0,,1273.0,1193.0,0.0,0.0
1576080647676491836,,1000.0,1183.0,1375.0,,1273.0,1193.0,0.0,0.0
1576080647726436484,,1000.0,1183.0,1375.0,,1273.0,1193.0,0.0,0.0
1576080647776423554,,1000.0,1183.0,1375.0,,1273.0,1193.0,0.0,0.0
1576080647826422492,,1000.0,1183.0,1375.0,,1273.0,1193.0,0.0,0.0
1576080647876451770,,1000.0,1183.0,1375.0,,1273.0,1193.0,0.0,0.0
1576080647926451222,,1000.0,1183.0,1375.0,,1273.0,1193.0,0.0,0.0
1576080647976420526,,1000.0,1183.0,1375.0,,1273.0,1193.0,0.0,0.0
1576080648026698695,,1000.0,1183.0,1375.0,,1273.0,1193.0,0.0,0.0
1576080648076469826,,1000.0,1183.0,1375.0,,1273.0,1193.0,0.0,0.0
1576080648126445328,,1000.0,1183.0,1375.0,,1273.0,1193.0,0.0,0.0
1576080648176418761,,1000.0,1183.0,1375.0,,1273.0,1193.0,0.0,0.0
1576080648226420781,,1000.0,1183.0,1375.0,,1273.0,1193.0,0.0,0.0
1576080648276426285,,1000.0,1183.0,1375.0,,1273.0,1193.0,0.0,0.0
1576080648326427826,,1000.0,1183.0,1375.0,,1273.0,1193.0,0.0,0.0
1576080648376450338,,1000.0,1183.0,1375.0,,1273.0,1193.0,0.0,0.0
1576080648426449972,,1000.0,1183.0,1375.0,,1273.0,1193.0,0.0,0.0
1576080648476452976,,1000.0,1183.0,1375.0,,1273.0,1193.0,0.0,0.0
1576080648526455461,,1000.0,1183.0,1375.0,,1273.0,1193.0,0.0,0.0
1576080648576417902,,1000.0,1183.0,1375.0,,1273.0,1193.0,0.0,0.0
1576080648626481407,,1000.0,1183.0,1375.0,,1273.0,1193.0,0.0,0.0
1576080648676420572,,1000.0,1183.0,1375.0,,1273.0,1193.0,0.0,0.0
1576080648726363340,,1000.0,1183.0,1375.0,,1273.0,1193.0,0.0,0.0
1576080648776409319,,1000.0,1183.0,1375.0,,1273.0,1193.0,0.0,0.0
1576080648826426365,,1000.0,1183.0,1375.0,,1273.0,1193.0,0.0,0.0
1576080648876433714,,1000.0,1183.0,1375.0,,1273.0,1193.0,0.0,0.0
1576080648926533846,,1000.0,1183.0,1375.0,,1273.0,1193.0,0.0,0.0
1576080648976434681,,1000.0,1183.0,1375.0,,1273.0,1193.0,0.0,0.0
1576080649026751357,,1000.0,1183.0,1375.0,,1273.0,1193.0,0.0,0.0
1576080649076463226,,1000.0,1183.0,1375.0,,1273.0,1193.0,0.0,0.0
1576080649126400830,,1000.0,1183.0,1375.0,,1273.0,1193.0,0.0,0.0
1576080649176394750,,1000.0,1183.0,1375.0,,1273.0,1193.0,0.0,0.0
1576080649226417905,,1000.0,1183.0,1375.0,,1273.0,1193.0,0.0,0.0
1576080649276405559,,1000.0,1183.0,1375.0,,1273.0,1193.0,0.0,0.0
1576080649326415065,,1000.0,1183.0,1375.0,,1273.0,1193.0,0.0,0.0
1576080649376424340,,1000.0,1183.0,1375.0,,1273.0,1193.0,0.0,0.0
1576080649426412944,,1000.0,1183.0,1375.0,,1273.0,1193.0,0.0,0.0
1576080649476445986,,1000.0,1183.0,1375.0,,1273.0,1193.0,0.0,0.0
1576080649526451935,,1000.0,1183.0,1375.0,,1273.0,1193.0,0.0,0.0
1576080649576431143,,1000.0,1183.0,1375.0,,1273.0,1193.0,0.0,0.0
1576080649626488574,,1000.0,1183.0,1375.0,,1273.0,1193.0,0.0,0.0
1576080649676436360,,1000.0,1183.0,1375.0,,1273.0,1193.0,0.0,0.0
1576080649726418778,,1000.0,1183.0,1375.0,,1273.0,1193.0,0.0,0.0
1576080649776438662,,1000.0,1183.0,1375.0,,1273.0,1193.0,0.0,0.0
1576080649826365809,,1000.0,1183.0,1375.0,,1273.0,1193.0,0.0,0.0
1576080649876376559,,1000.0,1183.0,1375.0,,1273.0,1193.0,0.0,0.0
1576080649926420648,,1000.0,1183.0,1375.0,,1273.0,1193.0,0.0,0.0
1576080649976408581,,1000.0,1183.0,1375.0,,1273.0,1193.0,0.0,0.0
1576080650026696629,,1000.0,1183.0,1375.0,,1273.0,1193.0,0.0,0.0
1576080650076468381,,1000.0,1183.0,1375.0,,1273.0,1193.0,0.0,0.0
1576080650126449009,,1000.0,1183.0,1375.0,,1273.0,1193.0,0.0,0.0
1576080650176429767,,1000.0,1183.0,1375.0,,1273.0,1193.0,0.0,0.0
1576080650227020054,,1000.0,1183.0,1375.0,,1273.0,1193.0,0.0,0.0
1576080650276568392,,1000.0,1183.0,1375.0,,1273.0,1193.0,0.0,0.0
1576080650326566750,,1000.0,1183.0,1375.0,,1273.0,1193.0,0.0,0.0
1576080650376430755,,1000.0,1183.0,1375.0,,1273.0,1193.0,0.0,0.0
1576080650426929326,,1000.0,1183.0,1375.0,,1273.0,1193.0,0.0,0.0
1576080650477081701,,1000.0,1183.0,1375.0,,1273.0,1193.0,0.0,0.0
1576080650526544731,,1000.0,1183.0,1375.0,,1273.0,1193.0,0.0,0.0
1576080650576462329,,1000.0,1183.0,1375.0,,1273.0,1193.0,0.0,0.0
1576080650626446361,,1000.0,1183.0,1375.0,,1273.0,1193.0,0.0,0.0
1576080650676456468,,1000.0,1183.0,1375.0,,1273.0,1193.0,0.0,0.0
1576080650726497984,,1000.0,1183.0,1375.0,,1273.0,1193.0,0.0,0.0
1576080650776437931,,1000.0,1183.0,1375.0,,1273.0,1193.0,0.0,0.0
1576080650826461412,,1000.0,1183.0,1375.0,,1273.0,1193.0,0.0,0.0
1576080650876500910,,1000.0,1183.0,1375.0,,1273.0,1193.0,0.0,0.0
1576080650926453447,,1000.0,1183.0,1375.0,,1273.0,1193.0,0.0,0.0
1576080650976892580,,1000.0,1183.0,1375.0,,1273.0,1193.0,0.0,0.0
1576080651026709593,,1000.0,1183.0,1375.0,,1273.0,1193.0,0.0,0.0
1576080651076395086,,1000.0,1183.0,1375.0,,1273.0,1193.0,0.0,0.0
1576080651126454526,,1000.0,1183.0,1375.0,,1273.0,1193.0,0.0,0.0
1576080651176411639,,1000.0,1183.0,1375.0,,1273.0,1193.0,0.0,0.0
1576080651226402763,,1000.0,1183.0,1375.0,,1273.0,1193.0,0.0,0.0
1576080651276617809,,1000.0,1183.0,1375.0,,1273.0,1193.0,0.0,0.0
1576080651326572605,,1000.0,1183.0,1375.0,,1273.0,1193.0,0.0,0.0
1576080651376455513,,1000.0,1183.0,1375.0,,1273.0,1193.0,0.0,0.0
1576080651426527294,,1000.0,1183.0,1375.0,,1273.0,1193.0,0.0,0.0
1576080651476467661,,1000.0,1183.0,1375.0,,1273.0,1193.0,0.0,0.0
1576080651526481513,,1000.0,1183.0,1375.0,,1273.0,1193.0,0.0,0.0
1576080651576494189,,1000.0,1183.0,1375.0,,1273.0,1193.0,0.0,0.0
1576080651626473971,,1000.0,1183.0,1375.0,,1273.0,1193.0,0.0,0.0
1576080651676486251,,1000.0,1183.0,1375.0,,1273.0,1193.0,0.0,0.0
1576080651726436127,,1000.0,1183.0,1375.0,,1273.0,1193.0,0.0,0.0
1576080651776407780,,1000.0,1183.0,1375.0,,1273.0,1193.0,0.0,0.0
1576080651826368422,,1000.0,1183.0,1375.0,,1273.0,1193.0,0.0,0.0
1576080651876519670,,1000.0,1183.0,1375.0,,1273.0,1193.0,0.0,0.0
1576080651926408409,,1000.0,1183.0,1375.0,,1273.0,1193.0,0.0,0.0
1576080651976408837,,1000.0,1183.0,1375.0,,1273.0,1193.0,0.0,0.0
1576080652026672451,,1000.0,1183.0,1375.0,,1273.0,1193.0,0.0,0.0
1576080652076544158,,1000.0,1183.0,1375.0,,1273.0,1193.0,0.0,0.0
1576080652126496428,,1000.0,1183.0,1375.0,,1273.0,1193.0,0.0,0.0
1576080652176385636,,1000.0,1183.0,1375.0,,1273.0,1193.0,0.0,0.0
1576080652226408080,,1000.0,1183.0,1375.0,,1273.0,1193.0,0.0,0.0
1576080652276394962,,1000.0,1183.0,1375.0,,1273.0,1193.0,0.0,0.0
1576080652326423259,,1000.0,1183.0,1375.0,,1273.0,1193.0,0.0,0.0
1576080652376405874,,1000.0,1183.0,1375.0,,1273.0,1193.0,0.0,0.0
1576080652426385650,,1000.0,1183.0,1375.0,,1273.0,1193.0,0.0,0.0
1576080652476475568,,1000.0,1183.0,1375.0,,1273.0,1193.0,0.0,0.0
1576080652526463291,,1000.0,1183.0,1375.0,,1273.0,1193.0,0.0,0.0
1576080652576435522,,1000.0,1183.0,1375.0,,1273.0,1193.0,0.0,0.0
1576080652626505751,,1000.0,1183.0,1375.0,,1273.0,1193.0,0.0,0.0
1576080652676455837,,1000.0,1183.0,1375.0,,1273.0,1193.0,0.0,0.0
1576080652726493913,,1000.0,1183.0,1375.0,,1273.0,1193.0,0.0,0.0
1576080652776392338,,1000.0,1183.0,1375.0,,1273.0,1193.0,0.0,0.0
1576080652826490551,,1000.0,1183.0,1375.0,,1273.0,1193.0,0.0,0.0
1576080652876437561,,1000.0,1183.0,1375.0,,1273.0,1193.0,0.0,0.0
1576080652926442614,,1000.0,1183.0,1375.0,,1273.0,1193.0,0.0,0.0
1576080652976433152,,1000.0,1183.0,1375.0,,1273.0,1193.0,0.0,0.0
1576080653026807792,,1000.0,1183.0,1375.0,,1273.0,1193.0,0.0,0.0
1576080653076452958,,1000.0,1183.0,1375.0,,1273.0,1193.0,0.0,0.0
1576080653126432460,,1000.0,1183.0,1375.0,,1273.0,1193.0,0.0,0.0
1576080653176469567,,1000.0,1183.0,1375.0,,1273.0,1193.0,0.0,0.0
1576080653226485472,,1000.0,1183.0,1375.0,,1273.0,1193.0,0.0,0.0
1576080653276419615,,1000.0,1183.0,1375.0,,1273.0,1193.0,0.0,0.0
1576080653326425936,,1000.0,1183.0,1375.0,,1273.0,1193.0,0.0,0.0
1576080653376423939,,1000.0,1183.0,1375.0,,1273.0,1193.0,0.0,0.0
1576080653426418464,,1000.0,1183.0,1375.0,,1273.0,1193.0,0.0,0.0
1576080653476502995,,1000.0,1183.0,1375.0,,1273.0,1193.0,0.0,0.0
1576080653526416871,,1000.0,1183.0,1375.0,,1273.0,1193.0,0.0,0.0
1576080653576437007,,1000.0,1183.0,1375.0,,1273.0,1193.0,0.0,0.0
1576080653626450911,,1000.0,1183.0,1375.0,,1273.0,1193.0,0.0,0.0
1576080653676467021,,1000.0,1183.0,1375.0,,1273.0,1193.0,0.0,0.0
1576080653726397106,,1000.0,1183.0,1375.0,,1273.0,1193.0,0.0,0.0
1576080653776412038,,1000.0,1183.0,1375.0,,1273.0,1193.0,0.0,0.0
1576080653826425098,,1000.0,1183.0,1375.0,,1273.0,1193.0,0.0,0.0
1576080653876440466,,1000.0,1183.0,1375.0,,1273.0,1193.0,0.0,0.0
1576080653926365052,,1000.0,1183.0,1375.0,,1273.0,1193.0,0.0,0.0
1576080653976474520,,1000.0,1183.0,1375.0,,1273.0,1193.0,0.0,0.0
1576080654026914960,,1283.0,1204.0,1375.0,,1000.0,1183.0,0.0,0.0
1576080654076466702,,1283.0,1204.0,1375.0,,1000.0,1183.0,0.0,0.0
1576080654126439888,,1283.0,1204.0,1375.0,,1000.0,1183.0,0.0,0.0
1576080654176422033,,1283.0,1204.0,1375.0,,1000.0,1183.0,0.0,0.0
1576080654226410900,,1283.0,1204.0,1375.0,,1000.0,1183.0,0.0,0.0
1576080654276448389,,1283.0,1204.0,1375.0,,1000.0,1183.0,0.0,0.0
1576080654326400105,,1283.0,1204.0,1375.0,,1000.0,1183.0,0.0,0.0
1576080654376449335,,1283.0,1204.0,1375.0,,1000.0,1183.0,0.0,0.0
1576080654426397515,,1283.0,1204.0,1375.0,,1000.0,1183.0,0.0,0.0
1576080654476438001,,1283.0,1204.0,1375.0,,1000.0,1183.0,0.0,0.0
1576080654526405608,,1283.0,1204.0,1375.0,,1000.0,1183.0,0.0,0.0
1576080654576367815,,1283.0,1204.0,1375.0,,1000.0,1183.0,0.0,0.0
1576080654626474919,,1283.0,1204.0,1375.0,,1000.0,1183.0,0.0,0.0
1576080654676441171,,1283.0,1204.0,1375.0,,1000.0,1183.0,0.0,0.0
1576080654726442816,,1283.0,1204.0,1375.0,,1000.0,1183.0,0.0,0.0
1576080654776411983,,1283.0,1204.0,1375.0,,1000.0,1183.0,0.0,0.0
1576080654826439357,,1283.0,1204.0,1375.0,,1000.0,1183.0,0.0,0.0
1576080654876478230,,1283.0,1204.0,1375.0,,1000.0,1183.0,0.0,0.0
1576080654926453863,,1283.0,1204.0,1375.0,,1000.0,1183.0,0.0,0.0
1576080654976427568,,1283.0,1204.0,1375.0,,1000.0,1183.0,0.0,0.0
1576080655026707264,,1283.0,1204.0,1375.0,,1000.0,1183.0,0.0,0.0
1576080655076455948,,1283.0,1204.0,1375.0,,1000.0,1183.0,0.0,0.0
1576080655126393293,,1283.0,1204.0,1375.0,,1000.0,1183.0,0.0,0.0
1576080655176467311,,1283.0,1204.0,1375.0,,1000.0,1183.0,0.0,0.0
1576080655226483035,,1283.0,1204.0,1375.0,,1000.0,1183.0,0.0,0.0
1576080655276404157,,1283.0,1204.0,1375.0,,1000.0,1183.0,0.0,0.0
1576080655326417962,,1283.0,1204.0,1375.0,,1000.0,1183.0,0.0,0.0
1576080655376443617,,1283.0,1204.0,1375.0,,1000.0,1183.0,0.0,0.0
1576080655426414924,,1283.0,1204.0,1375.0,,1000.0,1183.0,0.0,0.0
1576080655476474922,,1283.0,1204.0,1375.0,,1000.0,1183.0,0.0,0.0
1576080655526408355,,1283.0,1204.0,1375.0,,1000.0,1183.0,0.0,0.0
1576080655576444600,,1283.0,1204.0,1375.0,,1000.0,1183.0,0.0,0.0
1576080655626469888,,1283.0,1204.0,1375.0,,1000.0,1183.0,0.0,0.0
1576080655676434372,,1283.0,1204.0,1375.0,,1000.0,1183.0,0.0,0.0
1576080655726420003,,1283.0,1204.0,1375.0,,1000.0,1183.0,0.0,0.0
1576080655776410346,,1283.0,1204.0,1375.0,,1000.0,1183.0,0.0,0.0
1576080655826460335,,1283.0,1204.0,1375.0,,1000.0,1183.0,0.0,0.0
1576080655876420956,,1283.0,1204.0,1375.0,,1000.0,1183.0,0.0,0.0
1576080655926447652,,1283.0,1204.0,1375.0,,1000.0,1183.0,0.0,0.0
1576080655976402094,,1283.0,1204.0,1375.0,,1000.0,1183.0,0.0,0.0
1576080656026712984,,1204.0,1283.0,1375.0,,1183.0,1000.0,0.0,0.0
1576080656076808844,,1204.0,1283.0,1375.0,,1183.0,1000.0,0.0,0.0
1576080656126452480,,1204.0,1283.0,1375.0,,1183.0,1000.0,0.0,0.0
1576080656176420194,,1204.0,1283.0,1375.0,,1183.0,1000.0,0.0,0.0
1576080656226405428,,1204.0,1283.0,1375.0,,1183.0,1000.0,0.0,0.0
1576080656276424138,,1204.0,1283.0,1375.0,,1183.0,1000.0,0.0,0.0
1576080656326393416,,1204.0,1283.0,1375.0,,1183.0,1000.0,0.0,0.0
1576080656376453533,,1204.0,1283.0,1375.0,,1183.0,1000.0,0.0,0.0
1576080656426401831,,1204.0,1283.0,1375.0,,1183.0,1000.0,0.0,0.0
1576080656476410526,,1204.0,1283.0,1375.0,,1183.0,1000.0,0.0,0.0
1576080656526392701,,1204.0,1283.0,1375.0,,1183.0,1000.0,0.0,0.0
1576080656576412577,,1204.0,1283.0,1375.0,,1183.0,1000.0,0.0,0.0
1576080656626438645,,1204.0,1283.0,1375.0,,1183.0,1000.0,0.0,0.0
1576080656676490647,,1204.0,1283.0,1375.0,,1183.0,1000.0,0.0,0.0
1576080656726376055,,1204.0,1283.0,1375.0,,1183.0,1000.0,0.0,0.0
1576080656776411517,,1204.0,1283.0,1375.0,,1183.0,1000.0,0.0,0.0
1576080656826409395,,1204.0,1283.0,1375.0,,1183.0,1000.0,0.0,0.0
1576080656876373738,,1204.0,1283.0,1375.0,,1183.0,1000.0,0.0,0.0
1576080656926393180,,1204.0,1283.0,1375.0,,1183.0,1000.0,0.0,0.0
1576080656976407053,,1204.0,1283.0,1375.0,,1183.0,1000.0,0.0,0.0
1576080657026805729,,1204.0,1283.0,1375.0,,1183.0,1000.0,0.0,0.0
1576080657076467963,,1204.0,1283.0,1375.0,,1183.0,1000.0,0.0,0.0
1576080657126428737,,1204.0,1283.0,1375.0,,1183.0,1000.0,0.0,0.0
1576080657176415890,,1204.0,1283.0,1375.0,,1183.0,1000.0,0.0,0.0
1576080657226434530,,1204.0,1283.0,1375.0,,1183.0,1000.0,0.0,0.0
1576080657276436235,,1204.0,1283.0,1375.0,,1183.0,1000.0,0.0,0.0
1576080657326468213,,1204.0,1283.0,1375.0,,1183.0,1000.0,0.0,0.0
1576080657376438831,,1204.0,1283.0,1375.0,,1183.0,1000.0,0.0,0.0
1576080657426426853,,1204.0,1283.0,1375.0,,1183.0,1000.0,0.0,0.0
1576080657476437739,,1204.0,1283.0,1375.0,,1183.0,1000.0,0.0,0.0
1576080657526437164,,1204.0,1283.0,1375.0,,1183.0,1000.0,0.0,0.0
1576080657576444678,,1204.0,1283.0,1375.0,,1183.0,1000.0,0.0,0.0
1576080657626485704,,1204.0,1283.0,1375.0,,1183.0,1000.0,0.0,0.0
1576080657676439582,,1204.0,1283.0,1375.0,,1183.0,1000.0,0.0,0.0
1576080657726420195,,1204.0,1283.0,1375.0,,1183.0,1000.0,0.0,0.0
1576080657776404824,,1204.0,1283.0,1375.0,,1183.0,1000.0,0.0,0.0
1576080657826424392,,1204.0,1283.0,1375.0,,1183.0,1000.0,0.0,0.0
1576080657876426058,,1204.0,1283.0,1375.0,,1183.0,1000.0,0.0,0.0
1576080657926435702,,1204.0,1283.0,1375.0,,1183.0,1000.0,0.0,0.0
1576080657976440535,,1204.0,1283.0,1375.0,,1183.0,1000.0,0.0,0.0
1576080658026740927,,1283.0,1204.0,1375.0,,1000.0,1183.0,0.0,0.0
1576080658076468396,,1283.0,1204.0,1375.0,,1000.0,1183.0,0.0,0.0
1576080658126424432,,1283.0,1204.0,1375.0,,1000.0,1183.0,0.0,0.0
1576080658176445466,,1283.0,1204.0,1375.0,,1000.0,1183.0,0.0,0.0
1576080658226356419,,1283.0,1204.0,1375.0,,1000.0,1183.0,0.0,0.0
1576080658276399362,,1283.0,1204.0,1375.0,,1000.0,1183.0,0.0,0.0
1576080658326406978,,1283.0,1204.0,1375.0,,1000.0,1183.0,0.0,0.0
1576080658376408274,,1283.0,1204.0,1375.0,,1000.0,1183.0,0.0,0.0
1576080658426421058,,1283.0,1204.0,1375.0,,1000.0,1183.0,0.0,0.0
1576080658476434378,,1283.0,1204.0,1375.0,,1000.0,1183.0,0.0,0.0
1576080658526483886,,1283.0,1204.0,1375.0,,1000.0,1183.0,0.0,0.0
1576080658576426342,,1283.0,1204.0,1375.0,,1000.0,1183.0,0.0,0.0
1576080658626595630,,1283.0,1204.0,1375.0,,1000.0,1183.0,0.0,0.0
1576080658676432615,,1283.0,1204.0,1375.0,,1000.0,1183.0,0.0,0.0
1576080658726405134,,1283.0,1204.0,1375.0,,1000.0,1183.0,0.0,0.0
1576080658776400747,,1283.0,1204.0,1375.0,,1000.0,1183.0,0.0,0.0
1576080658826411345,,1283.0,1204.0,1375.0,,1000.0,1183.0,0.0,0.0
1576080658876394724,,1283.0,1204.0,1375.0,,1000.0,1183.0,0.0,0.0
1576080658926417393,,1283.0,1204.0,1375.0,,1000.0,1183.0,0.0,0.0
1576080658976424649,,1283.0,1204.0,1375.0,,1000.0,1183.0,0.0,0.0
1576080659026800976,,1283.0,1204.0,1375.0,,1000.0,1183.0,0.0,0.0
1576080659076445264,,1283.0,1204.0,1375.0,,1000.0,1183.0,0.0,0.0
1576080659126505728,,1283.0,1204.0,1375.0,,1000.0,1183.0,0.0,0.0
1576080659176454814,,1283.0,1204.0,1375.0,,1000.0,1183.0,0.0,0.0
1576080659226417090,,1283.0,1204.0,1375.0,,1000.0,1183.0,0.0,0.0
1576080659276420576,,1283.0,1204.0,1375.0,,1000.0,1183.0,0.0,0.0
1576080659326401111,,1283.0,1204.0,1375.0,,1000.0,1183.0,0.0,0.0
1576080659376405909,,1283.0,1204.0,1375.0,,1000.0,1183.0,0.0,0.0
1576080659426414320,,1283.0,1204.0,1375.0,,1000.0,1183.0,0.0,0.0
1576080659476433412,,1283.0,1204.0,1375.0,,1000.0,1183.0,0.0,0.0
1576080659526423634,,1283.0,1204.0,1375.0,,1000.0,1183.0,0.0,0.0
1576080659576419625,,1283.0,1204.0,1375.0,,1000.0,1183.0,0.0,0.0
1576080659626509302,,1283.0,1204.0,1375.0,,1000.0,1183.0,0.0,0.0
1576080659676434941,,1283.0,1204.0,1375.0,,1000.0,1183.0,0.0,0.0
1576080659726476028,,1283.0,1204.0,1375.0,,1000.0,1183.0,0.0,0.0
1576080659776423705,,1283.0,1204.0,1375.0,,1000.0,1183.0,0.0,0.0
1576080659826419984,,1283.0,1204.0,1375.0,,1000.0,1183.0,0.0,0.0
1576080659876431129,,1283.0,1204.0,1375.0,,1000.0,1183.0,0.0,0.0
1576080659926457185,,1283.0,1204.0,1375.0,,1000.0,1183.0,0.0,0.0
1576080659976419510,,1283.0,1204.0,1375.0,,1000.0,1183.0,0.0,0.0
1576080660026695743,,1204.0,1283.0,1375.0,,1183.0,1000.0,0.0,0.0
1576080660076459473,,1204.0,1283.0,1375.0,,1183.0,1000.0,0.0,0.0
1576080660126465030,,1204.0,1283.0,1375.0,,1183.0,1000.0,0.0,0.0
1576080660176445503,,1204.0,1283.0,1375.0,,1183.0,1000.0,0.0,0.0
1576080660226474807,,1204.0,1283.0,1375.0,,1183.0,1000.0,0.0,0.0
1576080660276450380,,1204.0,1283.0,1375.0,,1183.0,1000.0,0.0,0.0
1576080660326438918,,1204.0,1283.0,1375.0,,1183.0,1000.0,0.0,0.0
1576080660376527128,,1204.0,1283.0,1375.0,,1183.0,1000.0,0.0,0.0
1576080660426442844,,1204.0,1283.0,1375.0,,1183.0,1000.0,0.0,0.0
1576080660476522933,,1204.0,1283.0,1375.0,,1183.0,1000.0,0.0,0.0
1576080660526436232,,1204.0,1283.0,1375.0,,1183.0,1000.0,0.0,0.0
1576080660576381368,,1204.0,1283.0,1375.0,,1183.0,1000.0,0.0,0.0
1576080660626575019,,1204.0,1283.0,1375.0,,1183.0,1000.0,0.0,0.0
1576080660676440933,,1204.0,1283.0,1375.0,,1183.0,1000.0,0.0,0.0
1576080660726433814,,1204.0,1283.0,1375.0,,1183.0,1000.0,0.0,0.0
1576080660776414358,,1204.0,1283.0,1375.0,,1183.0,1000.0,0.0,0.0
1576080660826423839,,1204.0,1283.0,1375.0,,1183.0,1000.0,0.0,0.0
1576080660876430703,,1204.0,1283.0,1375.0,,1183.0,1000.0,0.0,0.0
1576080660926515819,,1204.0,1283.0,1375.0,,1183.0,1000.0,0.0,0.0
1576080660976439680,,1204.0,1283.0,1375.0,,1183.0,1000.0,0.0,0.0
1576080661026723611,,1204.0,1283.0,1375.0,,1183.0,1000.0,0.0,0.0
1576080661076443728,,1204.0,1283.0,1375.0,,1183.0,1000.0,0.0,0.0
1576080661126473102,,1204.0,1283.0,1375.0,,1183.0,1000.0,0.0,0.0
1576080661176461702,,1204.0,1283.0,1375.0,,1183.0,1000.0,0.0,0.0
1576080661226466366,,1204.0,1283.0,1375.0,,1183.0,1000.0,0.0,0.0
1576080661276383538,,1204.0,1283.0,1375.0,,1183.0,1000.0,0.0,0.0
1576080661326466980,,1204.0,1283.0,1375.0,,1183.0,1000.0,0.0,0.0
1576080661376431079,,1204.0,1283.0,1375.0,,1183.0,1000.0,0.0,0.0
1576080661426419290,,1204.0,1283.0,1375.0,,1183.0,1000.0,0.0,0.0
1576080661476462341,,1204.0,1283.0,1375.0,,1183.0,1000.0,0.0,0.0
1576080661526385765,,1204.0,1283.0,1375.0,,1183.0,1000.0,0.0,0.0
1576080661576399790,,1204.0,1283.0,1375.0,,1183.0,1000.0,0.0,0.0
1576080661626656336,,1204.0,1283.0,1375.0,,1183.0,1000.0,0.0,0.0
1576080661676450564,,1204.0,1283.0,1375.0,,1183.0,1000.0,0.0,0.0
1576080661726379274,,1204.0,1283.0,1375.0,,1183.0,1000.0,0.0,0.0
1576080661776398901,,1204.0,1283.0,1375.0,,1183.0,1000.0,0.0,0.0
1576080661826408154,,1204.0,1283.0,1375.0,,1183.0,1000.0,0.0,0.0
1576080661876478591,,1204.0,1283.0,1375.0,,1183.0,1000.0,0.0,0.0
1576080661926498939,,1204.0,1283.0,1375.0,,1183.0,1000.0,0.0,0.0
1576080661976373891,,1204.0,1283.0,1375.0,,1183.0,1000.0,0.0,0.0
1576080662026718074,,1183.0,1000.0,1375.0,,1193.0,1273.0,0.0,0.0
1576080662076448650,,1183.0,1000.0,1375.0,,1193.0,1273.0,0.0,0.0
1576080662126472343,,1183.0,1000.0,1375.0,,1193.0,1273.0,0.0,0.0
1576080662176438863,,1183.0,1000.0,1375.0,,1193.0,1273.0,0.0,0.0
1576080662226419852,,1183.0,1000.0,1375.0,,1193.0,1273.0,0.0,0.0
1576080662276415476,,1183.0,1000.0,1375.0,,1193.0,1273.0,0.0,0.0
1576080662326431880,,1183.0,1000.0,1375.0,,1193.0,1273.0,0.0,0.0
1576080662376469796,,1183.0,1000.0,1375.0,,1193.0,1273.0,0.0,0.0
1576080662426477906,,1183.0,1000.0,1375.0,,1193.0,1273.0,0.0,0.0
1576080662476475027,,1183.0,1000.0,1375.0,,1193.0,1273.0,0.0,0.0
1576080662526438669,,1183.0,1000.0,1375.0,,1193.0,1273.0,0.0,0.0
1576080662576443896,,1183.0,1000.0,1375.0,,1193.0,1273.0,0.0,0.0
1576080662626629572,,1183.0,1000.0,1375.0,,1193.0,1273.0,0.0,0.0
1576080662676454244,,1183.0,1000.0,1375.0,,1193.0,1273.0,0.0,0.0
1576080662726407373,,1183.0,1000.0,1375.0,,1193.0,1273.0,0.0,0.0
1576080662776444727,,1183.0,1000.0,1375.0,,1193.0,1273.0,0.0,0.0
1576080662826460732,,1183.0,1000.0,1375.0,,1193.0,1273.0,0.0,0.0
1576080662876490574,,1183.0,1000.0,1375.0,,1193.0,1273.0,0.0,0.0
1576080662926455041,,1183.0,1000.0,1375.0,,1193.0,1273.0,0.0,0.0
1576080662976393432,,1183.0,1000.0,1375.0,,1193.0,1273.0,0.0,0.0
1576080663026777087,,1183.0,1000.0,1375.0,,1193.0,1273.0,0.0,0.0
1576080663076480047,,1183.0,1000.0,1375.0,,1193.0,1273.0,0.0,0.0
1576080663126436900,,1183.0,1000.0,1375.0,,1193.0,1273.0,0.0,0.0
1576080663176459992,,1183.0,1000.0,1375.0,,1193.0,1273.0,0.0,0.0
1576080663226432784,,1183.0,1000.0,1375.0,,1193.0,1273.0,0.0,0.0
1576080663276441132,,1183.0,1000.0,1375.0,,1193.0,1273.0,0.0,0.0
1576080663326466292,,1183.0,1000.0,1375.0,,1193.0,1273.0,0.0,0.0
1576080663376447336,,1183.0,1000.0,1375.0,,1193.0,1273.0,0.0,0.0
1576080663426402264,,1183.0,1000.0,1375.0,,1193.0,1273.0,0.0,0.0
1576080663476452465,,1183.0,1000.0,1375.0,,1193.0,1273.0,0.0,0.0
1576080663526426031,,1183.0,1000.0,1375.0,,1193.0,1273.0,0.0,0.0
1576080663576501312,,1183.0,1000.0,1375.0,,1193.0,1273.0,0.0,0.0
1576080663627419366,,1183.0,1000.0,1375.0,,1193.0,1273.0,0.0,0.0
1576080663676432962,,1183.0,1000.0,1375.0,,1193.0,1273.0,0.0,0.0
1576080663726413588,,1183.0,1000.0,1375.0,,1193.0,1273.0,0.0,0.0
1576080663776418528,,1183.0,1000.0,1375.0,,1193.0,1273.0,0.0,0.0
1576080663826429050,,1183.0,1000.0,1375.0,,1193.0,1273.0,0.0,0.0
1576080663876408471,,1183.0,1000.0,1375.0,,1193.0,1273.0,0.0,0.0
1576080663926445509,,1183.0,1000.0,1375.0,,1193.0,1273.0,0.0,0.0
1576080663976417221,,1183.0,1000.0,1375.0,,1193.0,1273.0,0.0,0.0
1576080664026820184,,1183.0,1000.0,1375.0,,1193.0,1273.0,0.0,0.0
1576080664076487966,,1183.0,1000.0,1375.0,,1193.0,1273.0,0.0,0.0
1576080664126495848,,1183.0,1000.0,1375.0,,1193.0,1273.0,0.0,0.0
1576080664176442625,,1183.0,1000.0,1375.0,,1193.0,1273.0,0.0,0.0
1576080664226443441,,1183.0,1000.0,1375.0,,1193.0,1273.0,0.0,0.0
1576080664276452785,,1183.0,1000.0,1375.0,,1193.0,1273.0,0.0,0.0
1576080664326443496,,1183.0,1000.0,1375.0,,1193.0,1273.0,0.0,0.0
1576080664376428191,,1183.0,1000.0,1375.0,,1193.0,1273.0,0.0,0.0
1576080664426441267,,1183.0,1000.0,1375.0,,1193.0,1273.0,0.0,0.0
1576080664476465863,,1183.0,1000.0,1375.0,,1193.0,1273.0,0.0,0.0
1576080664526466959,,1183.0,1000.0,1375.0,,1193.0,1273.0,0.0,0.0
1576080664576471484,,1183.0,1000.0,1375.0,,1193.0,1273.0,0.0,0.0
1576080664627637015,,1183.0,1000.0,1375.0,,1193.0,1273.0,0.0,0.0
1576080664676429090,,1183.0,1000.0,1375.0,,1193.0,1273.0,0.0,0.0
1576080664726426084,,1183.0,1000.0,1375.0,,1193.0,1273.0,0.0,0.0
1576080664776423833,,1183.0,1000.0,1375.0,,1193.0,1273.0,0.0,0.0
1576080664826447848,,1183.0,1000.0,1375.0,,1193.0,1273.0,0.0,0.0
1576080664876451775,,1183.0,1000.0,1375.0,,1193.0,1273.0,0.0,0.0
1576080664926457807,,1183.0,1000.0,1375.0,,1193.0,1273.0,0.0,0.0
1576080664976490258,,1183.0,1000.0,1375.0,,1193.0,1273.0,0.0,0.0
1576080665026813466,,1183.0,1000.0,1375.0,,1193.0,1273.0,0.0,0.0
1576080665076466216,,1183.0,1000.0,1375.0,,1193.0,1273.0,0.0,0.0
1576080665126454778,,1183.0,1000.0,1375.0,,1193.0,1273.0,0.0,0.0
1576080665176424329,,1183.0,1000.0,1375.0,,1193.0,1273.0,0.0,0.0
1576080665226431379,,1183.0,1000.0,1375.0,,1193.0,1273.0,0.0,0.0
1576080665276427078,,1183.0,1000.0,1375.0,,1193.0,1273.0,0.0,0.0
1576080665326439205,,1183.0,1000.0,1375.0,,1193.0,1273.0,0.0,0.0
1576080665376437381,,1183.0,1000.0,1375.0,,1193.0,1273.0,0.0,0.0
1576080665426407575,,1183.0,1000.0,1375.0,,1193.0,1273.0,0.0,0.0
1576080665476456011,,1183.0,1000.0,1375.0,,1193.0,1273.0,0.0,0.0
1576080665526375653,,1183.0,1000.0,1375.0,,1193.0,1273.0,0.0,0.0
1576080665576435883,,1183.0,1000.0,1375.0,,1193.0,1273.0,0.0,0.0
1576080665628852300,,1183.0,1000.0,1375.0,,1193.0,1273.0,0.0,0.0
1576080665676427476,,1183.0,1000.0,1375.0,,1193.0,1273.0,0.0,0.0
1576080665726515491,,1183.0,1000.0,1375.0,,1193.0,1273.0,0.0,0.0
1576080665776447585,,1183.0,1000.0,1375.0,,1193.0,1273.0,0.0,0.0
1576080665826414138,,1183.0,1000.0,1375.0,,1193.0,1273.0,0.0,0.0
1576080665876406315,,1183.0,1000.0,1375.0,,1193.0,1273.0,0.0,0.0
1576080665926474607,,1183.0,1000.0,1375.0,,1193.0,1273.0,0.0,0.0
1576080665976450542,,1183.0,1000.0,1375.0,,1193.0,1273.0,0.0,0.0
1576080666026799190,,1283.0,1204.0,1375.0,,1000.0,1183.0,0.0,0.0
1576080666076404582,,1283.0,1204.0,1375.0,,1000.0,1183.0,0.0,0.0
1576080666126436901,,1283.0,1204.0,1375.0,,1000.0,1183.0,0.0,0.0
1576080666176415742,,1283.0,1204.0,1375.0,,1000.0,1183.0,0.0,0.0
1576080666226383106,,1283.0,1204.0,1375.0,,1000.0,1183.0,0.0,0.0
1576080666276416869,,1283.0,1204.0,1375.0,,1000.0,1183.0,0.0,0.0
1576080666326425683,,1283.0,1204.0,1375.0,,1000.0,1183.0,0.0,0.0
1576080666376417274,,1283.0,1204.0,1375.0,,1000.0,1183.0,0.0,0.0
1576080666426404321,,1283.0,1204.0,1375.0,,1000.0,1183.0,0.0,0.0
1576080666476425716,,1283.0,1204.0,1375.0,,1000.0,1183.0,0.0,0.0
1576080666526410956,,1283.0,1204.0,1375.0,,1000.0,1183.0,0.0,0.0
1576080666576402101,,1283.0,1204.0,1375.0,,1000.0,1183.0,0.0,0.0
1576080666626472661,,1283.0,1204.0,1375.0,,1000.0,1183.0,0.0,0.0
1576080666676531329,,1283.0,1204.0,1375.0,,1000.0,1183.0,0.0,0.0
1576080666726409418,,1283.0,1204.0,1375.0,,1000.0,1183.0,0.0,0.0
1576080666776412972,,1283.0,1204.0,1375.0,,1000.0,1183.0,0.0,0.0
1576080666826415942,,1283.0,1204.0,1375.0,,1000.0,1183.0,0.0,0.0
1576080666876485106,,1283.0,1204.0,1375.0,,1000.0,1183.0,0.0,0.0
1576080666926431963,,1283.0,1204.0,1375.0,,1000.0,1183.0,0.0,0.0
1576080666976430129,,1283.0,1204.0,1375.0,,1000.0,1183.0,0.0,0.0
1576080667026918033,,1283.0,1204.0,1375.0,,1000.0,1183.0,0.0,0.0
1576080667076458396,,1283.0,1204.0,1375.0,,1000.0,1183.0,0.0,0.0
1576080667126393554,,1283.0,1204.0,1375.0,,1000.0,1183.0,0.0,0.0
1576080667176462528,,1283.0,1204.0,1375.0,,1000.0,1183.0,0.0,0.0
1576080667226416632,,1283.0,1204.0,1375.0,,1000.0,1183.0,0.0,0.0
1576080667276389940,,1283.0,1204.0,1375.0,,1000.0,1183.0,0.0,0.0
1576080667326468239,,1283.0,1204.0,1375.0,,1000.0,1183.0,0.0,0.0
1576080667376412104,,1283.0,1204.0,1375.0,,1000.0,1183.0,0.0,0.0
1576080667426423598,,1283.0,1204.0,1375.0,,1000.0,1183.0,0.0,0.0
1576080667476430448,,1283.0,1204.0,1375.0,,1000.0,1183.0,0.0,0.0
1576080667526460300,,1283.0,1204.0,1375.0,,1000.0,1183.0,0.0,0.0
1576080667576411126,,1283.0,1204.0,1375.0,,1000.0,1183.0,0.0,0.0
1576080667626435580,,1283.0,1204.0,1375.0,,1000.0,1183.0,0.0,0.0
1576080667676519079,,1283.0,1204.0,1375.0,,1000.0,1183.0,0.0,0.0
1576080667726403971,,1283.0,1204.0,1375.0,,1000.0,1183.0,0.0,0.0
1576080667776421777,,1283.0,1204.0,1375.0,,1000.0,1183.0,0.0,0.0
1576080667826405190,,1283.0,1204.0,1375.0,,1000.0,1183.0,0.0,0.0
1576080667878561544,,1283.0,1204.0,1375.0,,1000.0,1183.0,0.0,0.0
1576080667926434647,,1283.0,1204.0,1375.0,,1000.0,1183.0,0.0,0.0
1576080667976436576,,1283.0,1204.0,1375.0,,1000.0,1183.0,0.0,0.0
1576080668026677219,,1000.0,1000.0,1000.0,,1000.0,1000.0,0.0,0.0
